Name,Type,PLCAddress
HandlerStart,bool,W0.00
HandlerStop ,bool,W0.01
HandlerStartingStatus,bool,W0.02
HandlerStopStatus,bool,W0.03
HandlerRunStatus,bool,W0.04
MotorLoaderStatus,bool,W0.05
MotorSortStatus,bool,W0.06
MotorUnLoaderStatus,bool,W0.07
SiteOnOff1,bool,H100.00
SiteOnOff2,bool,H100.01
SiteOnOff3,bool,H100.02
SiteOnOff4,bool,H100.03
JobTesting,bool,H100.04
JobExercise,bool,H100.05
JobPurge,bool,H100.06
ModeAsy,bool,H100.07
ModeSyn,bool,H100.08
ModeAlt1,bool,H100.09
ModeAlt2,bool,H100.10
ModeSer,bool,H100.11
InterfaceRunTTL,bool,H100.12
InterfaceRunGPIB,bool,H100.13
InterfaceRunRS232,bool,H100.14
SwitchSetMExit,bool,H101.00
SwitchAExitDropTubeAtJam,bool,H101.01
SwitchTestEndSingSite1,bool,H101.02
SwitchTestEndSingSite2,bool,H101.03
SwitchTestEndSingSite3,bool,H101.04
SwitchTestEndSingSite4,bool,H101.05
SwitchLoaderTubeTapper,bool,H101.06
SwitchLoaderClearSotckBIN,bool,H101.07
SwitchEntryTrackStopTap,bool,H101.08
TimeEntryTubeTapperSilence,ushort,D15001
CountEntryTubeTap,ushort,D15002
TimeEntryTubeTapperOn,ushort,D15003
TimeEntryTubeTapperOff,ushort,D15004
TimeEntryTrackStopTapperSilence,ushort,D15005
CountEntryTrackStopTap,ushort,D15006
TimeEntryTrackStopTapperOn,ushort,D15007
TimeEntryTrackStopTapperOff,ushort,D15008
SwitchTowerBlink,bool,H101.09
SwitchGreenRun,bool,H101.10
SwitchGreenWarn,bool,H101.11
SwitchGreenStarting,bool,H101.12
SwitchGreenHeating,bool,H101.13
SwitchYellowRun,bool,H101.14
SwitchYellowStop,bool,H101.15
SwitchYellowWarn,bool,H102.00
SwitchYellowEvent,bool,H102.01
SwitchYellowStarting,bool,H102.02
SwitchYellowHeating,bool,H102.03
SwitchRedRun,bool,H102.04
SwitchRedStop,bool,H102.05
SwitchRedWarn,bool,H102.06
SwitchRedEvent,bool,H102.07
SwitchRedStarting,bool,H102.08
SwitchRedHeating,bool,H102.09
SwitchPreSiteStop1,bool,H102.10
SwitchPreSiteStop2,bool,H102.11
SwitchPreSiteStop3,bool,H102.12
SwitchPreSiteStop4,bool,H102.13
SwitchAntiSingulatorJam,bool,H102.14
SwitchTrackTapper,bool,H102.15
TimeTrackTapperSilence,ushort,D15009
CountTrackTap,ushort,D15010
TimeTrackTapperOn,ushort,D15011
TimeTrackTapperOff,ushort,D15012
SwitchUnLoaderStackTubeTapper,bool,H101.08
TimeUnLoaderStackTapperSilence,ushort,D15013
CountUnLoaderTap,ushort,D15014
TimeUnLoaderStackTapperOn,ushort,D15015
TimeUnLoaderStackTapperOff,ushort,D15016
SwitchAExitTubeTapper,bool,H103.00
TimeAExitTubeTapOn,ushort,D15017
TimeAExitTubeTapOff,ushort,D15018
SwitchBINInWarnSite1BIN1,bool,H103.01
SwitchBINInWarnSite1BIN2,bool,H103.02
SwitchBINInWarnSite1BIN3,bool,H103.03
SwitchBINInWarnSite1BIN4,bool,H103.04
SwitchBINInWarnSite1BIN5,bool,H103.05
SwitchBINInWarnSite1BIN6,bool,H103.06
SwitchBINInWarnSite1BIN7,bool,H103.07
SwitchBINInWarnSite1BIN8,bool,H103.08
SwitchBINInWarnSite1BIN9,bool,H103.09
SwitchBINInWarnSite2BIN1,bool,H103.10
SwitchBINInWarnSite2BIN2,bool,H103.11
SwitchBINInWarnSite2BIN3,bool,H103.12
SwitchBINInWarnSite2BIN4,bool,H103.13
SwitchBINInWarnSite2BIN5,bool,H103.14
SwitchBINInWarnSite2BIN6,bool,H103.15
SwitchBINInWarnSite2BIN7,bool,H104.00
SwitchBINInWarnSite2BIN8,bool,H104.01
SwitchBINInWarnSite2BIN9,bool,H104.02
SwitchBINInWarnSite3BIN1,bool,H104.03
SwitchBINInWarnSite3BIN2,bool,H104.04
SwitchBINInWarnSite3BIN3,bool,H104.05
SwitchBINInWarnSite3BIN4,bool,H104.06
SwitchBINInWarnSite3BIN5,bool,H104.07
SwitchBINInWarnSite3BIN6,bool,H104.08
SwitchBINInWarnSite3BIN7,bool,H104.09
SwitchBINInWarnSite3BIN8,bool,H104.10
SwitchBINInWarnSite3BIN9,bool,H104.11
SwitchBINInWarnSite4BIN1,bool,H104.12
SwitchBINInWarnSite4BIN2,bool,H104.13
SwitchBINInWarnSite4BIN3,bool,H104.14
SwitchBINInWarnSite4BIN4,bool,H104.15
SwitchBINInWarnSite4BIN5,bool,H105.00
SwitchBINInWarnSite4BIN6,bool,H105.01
SwitchBINInWarnSite4BIN7,bool,H105.02
SwitchBINInWarnSite4BIN8,bool,H105.03
SwitchBINInWarnSite4BIN9,bool,H105.04
SwitchSetBINtoAExitUSiteBIN1,bool,H105.05
SwitchSetBINtoAExitUSiteBIN2,bool,H105.06
SwitchSetBINtoAExitUSiteBIN3,bool,H105.07
SwitchSetBINtoAExitUSiteBIN4,bool,H105.08
SwitchSetBINtoAExitUSiteBIN5,bool,H105.09
SwitchSetBINtoAExitUSiteBIN6,bool,H105.10
SwitchSetBINtoAExitUSiteBIN7,bool,H105.11
SwitchSetBINtoAExitUSiteBIN8,bool,H105.12
SwitchSetBINtoAExitUSiteBIN9,bool,H105.13
SwitchSetBINtoM1ExitUSiteBIN1,bool,H105.14
SwitchSetBINtoM1ExitUSiteBIN2,bool,H105.15
SwitchSetBINtoM1ExitUSiteBIN3,bool,H106.00
SwitchSetBINtoM1ExitUSiteBIN4,bool,H106.01
SwitchSetBINtoM1ExitUSiteBIN5,bool,H106.02
SwitchSetBINtoM1ExitUSiteBIN6,bool,H106.03
SwitchSetBINtoM1ExitUSiteBIN7,bool,H106.04
SwitchSetBINtoM1ExitUSiteBIN8,bool,H106.05
SwitchSetBINtoM1ExitUSiteBIN9,bool,H106.06
SwitchSetBINtoM2ExitUSiteBIN1,bool,H106.07
SwitchSetBINtoM2ExitUSiteBIN2,bool,H106.08
SwitchSetBINtoM2ExitUSiteBIN3,bool,H106.09
SwitchSetBINtoM2ExitUSiteBIN4,bool,H106.10
SwitchSetBINtoM2ExitUSiteBIN5,bool,H106.11
SwitchSetBINtoM2ExitUSiteBIN6,bool,H106.12
SwitchSetBINtoM2ExitUSiteBIN7,bool,H106.13
SwitchSetBINtoM2ExitUSiteBIN8,bool,H106.14
SwitchSetBINtoM2ExitUSiteBIN9,bool,H106.15
SwitchSetBINtoM3ExitUSiteBIN1,bool,H107.00
SwitchSetBINtoM3ExitUSiteBIN2,bool,H107.01
SwitchSetBINtoM3ExitUSiteBIN3,bool,H107.02
SwitchSetBINtoM3ExitUSiteBIN4,bool,H107.03
SwitchSetBINtoM3ExitUSiteBIN5,bool,H107.04
SwitchSetBINtoM3ExitUSiteBIN6,bool,H107.05
SwitchSetBINtoM3ExitUSiteBIN7,bool,H107.06
SwitchSetBINtoM3ExitUSiteBIN8,bool,H107.07
SwitchSetBINtoM3ExitUSiteBIN9,bool,H107.08
SwitchSetBINtoM4ExitUSiteBIN1,bool,H107.09
SwitchSetBINtoM4ExitUSiteBIN2,bool,H107.10
SwitchSetBINtoM4ExitUSiteBIN3,bool,H107.11
SwitchSetBINtoM4ExitUSiteBIN4,bool,H107.12
SwitchSetBINtoM4ExitUSiteBIN5,bool,H107.13
SwitchSetBINtoM4ExitUSiteBIN6,bool,H107.14
SwitchSetBINtoM4ExitUSiteBIN7,bool,H107.15
SwitchSetBINtoM4ExitUSiteBIN8,bool,H108.00
SwitchSetBINtoM4ExitUSiteBIN9,bool,H108.01
SwitchSetBINtoM5ExitUSiteBIN1,bool,H108.02
SwitchSetBINtoM5ExitUSiteBIN2,bool,H108.03
SwitchSetBINtoM5ExitUSiteBIN3,bool,H108.04
SwitchSetBINtoM5ExitUSiteBIN4,bool,H108.05
SwitchSetBINtoM5ExitUSiteBIN5,bool,H108.06
SwitchSetBINtoM5ExitUSiteBIN6,bool,H108.07
SwitchSetBINtoM5ExitUSiteBIN7,bool,H108.08
SwitchSetBINtoM5ExitUSiteBIN8,bool,H108.09
SwitchSetBINtoM5ExitUSiteBIN9,bool,H108.10
SwitchSetBINtoAExitLSiteBIN1,bool,H108.11
SwitchSetBINtoAExitLSiteBIN2,bool,H108.12
SwitchSetBINtoAExitLSiteBIN3,bool,H108.13
SwitchSetBINtoAExitLSiteBIN4,bool,H108.14
SwitchSetBINtoAExitLSiteBIN5,bool,H108.15
SwitchSetBINtoAExitLSiteBIN6,bool,H109.00
SwitchSetBINtoAExitLSiteBIN7,bool,H109.01
SwitchSetBINtoAExitLSiteBIN8,bool,H109.02
SwitchSetBINtoAExitLSiteBIN9,bool,H109.03
SwitchSetBINtoM1ExitLSiteBIN1,bool,H109.04
SwitchSetBINtoM1ExitLSiteBIN2,bool,H109.05
SwitchSetBINtoM1ExitLSiteBIN3,bool,H109.06
SwitchSetBINtoM1ExitLSiteBIN4,bool,H109.07
SwitchSetBINtoM1ExitLSiteBIN5,bool,H109.08
SwitchSetBINtoM1ExitLSiteBIN6,bool,H109.09
SwitchSetBINtoM1ExitLSiteBIN7,bool,H109.10
SwitchSetBINtoM1ExitLSiteBIN8,bool,H109.11
SwitchSetBINtoM1ExitLSiteBIN9,bool,H109.12
SwitchSetBINtoM2ExitLSiteBIN1,bool,H109.13
SwitchSetBINtoM2ExitLSiteBIN2,bool,H109.14
SwitchSetBINtoM2ExitLSiteBIN3,bool,H109.15
SwitchSetBINtoM2ExitLSiteBIN4,bool,H106.09
SwitchSetBINtoM2ExitLSiteBIN5,bool,H106.10
SwitchSetBINtoM2ExitLSiteBIN6,bool,H106.11
SwitchSetBINtoM2ExitLSiteBIN7,bool,H106.12
SwitchSetBINtoM2ExitLSiteBIN8,bool,H106.13
SwitchSetBINtoM2ExitLSiteBIN9,bool,H106.14
SwitchSetBINtoM3ExitLSiteBIN1,bool,H106.15
SwitchSetBINtoM3ExitLSiteBIN2,bool,H107.00
SwitchSetBINtoM3ExitLSiteBIN3,bool,H107.01
SwitchSetBINtoM3ExitLSiteBIN4,bool,H107.02
SwitchSetBINtoM3ExitLSiteBIN5,bool,H107.03
SwitchSetBINtoM3ExitLSiteBIN6,bool,H107.04
SwitchSetBINtoM3ExitLSiteBIN7,bool,H107.05
SwitchSetBINtoM3ExitLSiteBIN8,bool,H107.06
SwitchSetBINtoM3ExitLSiteBIN9,bool,H107.07
SwitchSetBINtoM4ExitLSiteBIN1,bool,H107.08
SwitchSetBINtoM4ExitLSiteBIN2,bool,H107.09
SwitchSetBINtoM4ExitLSiteBIN3,bool,H107.10
SwitchSetBINtoM4ExitLSiteBIN4,bool,H107.11
SwitchSetBINtoM4ExitLSiteBIN5,bool,H107.12
SwitchSetBINtoM4ExitLSiteBIN6,bool,H107.13
SwitchSetBINtoM4ExitLSiteBIN7,bool,H107.14
SwitchSetBINtoM4ExitLSiteBIN8,bool,H107.15
SwitchSetBINtoM4ExitLSiteBIN9,bool,H108.00
SwitchSetBINtoM5ExitLSiteBIN1,bool,H108.01
SwitchSetBINtoM5ExitLSiteBIN2,bool,H108.02
SwitchSetBINtoM5ExitLSiteBIN3,bool,H108.03
SwitchSetBINtoM5ExitLSiteBIN4,bool,H108.04
SwitchSetBINtoM5ExitLSiteBIN5,bool,H108.05
SwitchSetBINtoM5ExitLSiteBIN6,bool,H108.06
SwitchSetBINtoM5ExitLSiteBIN7,bool,H108.07
SwitchSetBINtoM5ExitLSiteBIN8,bool,H108.08
SwitchSetBINtoM5ExitLSiteBIN9,bool,H108.09
CylBowInputUpStop,bool,W1.00
CylBowInputLowStop,bool,W1.01
CylBowInputAntiJam,bool,W1.02
CylTrackInputStockStop1,bool,W1.03
CylTrackInputStockStop2,bool,W1.04
CylEntryTubeTapperL,bool,W1.05
CylEntryTubeTapperR,bool,W1.06
CylSingulatorL1,bool,W1.07
CylSingulatorL2,bool,W1.08
CylSingulatorR1,bool,W1.09
CylSingulatorR2,bool,W1.10
CylPreSite1BodyStop,bool,W1.11
CylPreSite2BodyStop,bool,W1.12
CylPreSite3BodyStop,bool,W1.13
CylPreSite4BodyStop,bool,W1.14
CylPlunger1,bool,W1.15
CylPlunger2,bool,W2.00
CylPlunger3,bool,W2.01
CylPlunger4,bool,W2.02
CylSite1LeadBack,bool,W2.03
CylSite2LeadBack,bool,W2.04
CylSite3LeadBack,bool,W2.05
CylSite4LeadBack,bool,W2.06
CylCurveTrack1Stop,bool,W2.07
CylCurveTrack2Stop,bool,W2.08
CylCurveTrack1AiBlow,bool,W2.09
CylCurveTrack2AiBlow,bool,W2.10
CylSortStopAL,bool,W2.11
CylSortStopAR,bool,W2.12
CylSortStopM1L,bool,W2.13
CylSortStopM2L,bool,W2.14
CylSortStopM3LM1R,bool,W2.15
CylSortStopM4LM2R,bool,W3.00
CylSortStopM5LM3R,bool,W3.01
CylSortStopM4R,bool,W3.02
CylSortStopM5R,bool,W3.03
CylA1ExitStop,bool,W3.04
CylA1ExitTubeClamp,bool,W3.05
CylUnLoaderPushTubeYUp,bool,W3.06
CylUnloaderStackTubeTapper,bool,W3.07
CylUnLoaderStackTubeRaise,bool,W3.08
CylUnLoaderStackTubeSeperate,bool,W3.09
CylUnLoaderBaseTubeClamp,bool,W3.10
MotorUnLoaderTubeToStack,bool,W3.11
MotorUnLoaderTubeToAExit,bool,W3.12
SensorLoaderMotorLimitLeft,bool,W10.00
SensorLoaderMotorLimitRight,bool,W10.01
SensorBowBufUnit,bool,W10.02
SensorBowBufExitJam,bool,W10.03
SensorLoaderCheckStockEmpty,bool,W10.04
SensorLoaderStockTrack1Jam,bool,W10.05
SensorLoaderStockTrack2Jam,bool,W10.06
SensorLoaderTrack1AskUnitFeeding,bool,W10.07
SensorLoaderTrack2AskUnitFeeding,bool,W10.08
SensorPlunger1Entry,bool,W10.11
SensorPlunger2Entry,bool,W10.12
SensorPlunger3Entry,bool,W10.13
SensorPlunger4Entry,bool,W10.14
SensorPlunger1Exit,bool,W10.15
SensorPlunger2Exit,bool,W11.00
SensorPlunger1PushOutPlace,bool,W11.01
SensorPlunger2PushOutPlace,bool,W11.02
SensorPlunger3PushOutPlace,bool,W11.03
SensorPlunger4PushOutPlace,bool,W11.04
SensorPlunger1TrackPlace,bool,W11.05
SensorPlunger2TrackPlace,bool,W11.06
SensorPlunger3TrackPlace,bool,W11.07
SensorPlunger4TrackPlace,bool,W11.08
SensorCurveTrack1Unit,bool,W11.09
SensorCurveTrack2Unit,bool,W11.10
SensorCheckSortEmpty,bool,W11.11
SensorSafetyCover,bool,W11.12
SensorSortLimitLeft,bool,W12.04
SensorSortLimitRight,bool,W12.05
SensorCheckSort1DD,bool,W11.12
SensorCheckSort2DD,bool,W11.13
SensorSortExitUnitA,bool,W11.14
SensorSortExitUnitM1,bool,W11.15
SensorSortExitUnitM2,bool,W12.00
SensorSortExitUnitM3,bool,W12.01
SensorSortExitUnitM4,bool,W12.02
SensorSortExitUnitM5,bool,W12.03
SensorUnLoaderA1Tube,bool,W12.04
SensorUnLoaderM1Tube,bool,W12.05
SensorUnLoaderM2Tube,bool,W12.06
SensorUnLoaderM3Tube,bool,W12.07
SensorUnLoaderM4Tube,bool,W12.08
SensorUnLoaderM5Tube,bool,W12.09
SensorA1BufFull,bool,W12.10
SensorA1BufExitJam,bool,W12.11
SensorMBufExitJam,bool,W12.12
SensorUnLoaderStackUpTube,bool,W12.13
SensorUnLoaderStackBottomTube,bool,W12.14
SensorUnLoaderMotorAtStack,bool,W12.15
LoaderCheckEmptyStock1Place,uint,D17001
LoaderCheckEmptyStock2Place,uint,D17003
LoaderCheckEmptyStock3Place,uint,D17005
LoaderCheckEmptyStock4Place,uint,D17007
LoaderStock1FeedPlace,uint,D17009
LoaderStock2FeedPlace,uint,D17011
LoaderStock3FeedPlace,uint,D17013
LoaderStock4FeedPlace,uint,D17015
LoaderTrack1Stock1Place,uint,D17017
LoaderTrack1Stock2Place,uint,D17019
LoaderTrack1Stock3Place,uint,D17021
LoaderTrack1Stock4Place,uint,D17023
LoaderTrack2Stock1Place,uint,D17025
LoaderTrack2Stock2Place,uint,D17027
LoaderTrack2Stock3Place,uint,D17029
LoaderTrack2Stock4Place,uint,D17031
LoaderAtCheckEmptyStock1,bool,W470.00
LoaderAtCheckEmptyStock2,bool,W470.01
LoaderAtCheckEmptyStock3,bool,W470.02
LoaderAtCheckEmptyStock4,bool,W470.03
LoaderAtStock1Feed,bool,W470.04
LoaderAtStock2Feed,bool,W470.05
LoaderAtStock3Feed,bool,W470.06
LoaderAtStock4Feed,bool,W470.07
LoaderAtTrack1Stock1,bool,W470.08
LoaderAtTrack1Stock2,bool,W470.09
LoaderAtTrack1Stock3,bool,W470.10
LoaderAtTrack1Stock4,bool,W470.11
LoaderAtTrack2Stock1,bool,W470.12
LoaderAtTrack2Stock2,bool,W470.13
LoaderAtTrack2Stock3,bool,W470.14
LoaderAtTrack2Stock4,bool,W470.15
MotorSortCheckSort1EmptyPlace,uint,D17033
MotorSortCheckSort2EmptyPlace,uint,D17035
MotorSortALPlace,uint,D17037
MotorSortARPlace,uint,D17039
MotorSortM1LPlace,uint,D17041
MotorSortM2LPlace,uint,D17043
MotorSortM3LPlace,uint,D17045
MotorSortM4LPlace,uint,D17047
MotorSortM5LPlace,uint,D17049
MotorSortM1RPlace,uint,D17051
MotorSortM2RPlace,uint,D17053
MotorSortM3RPlace,uint,D17055
MotorSortM4RPlace,uint,D17057
MotorSortM5RPlace,uint,D17057
MotorSortAtCheckSort1Empty,bool,W471.00
MotorSortAtCheckSort2Empty,bool,W471.01
MotorSortAtAL,bool,W471.02
MotorSortAtAR,bool,W471.03
MotorSortAtM1L,bool,W471.04
MotorSortAtM2L,bool,W471.05
MotorSortAtM3L,bool,W471.06
MotorSortAtM4L,bool,W471.07
MotorSortAtM5L,bool,W471.08
MotorSortAtM1R,bool,W471.09
MotorSortAtM2R,bool,W471.10
MotorSortAtM3R,bool,W471.11
MotorSortAtM4R,bool,W471.12
MotorSortAtM5R,bool,W471.13
MotorUnLoaderA1FromStackToA1Exit,uint,D17059
MotorUnLoaderA1AlignStackTube,uint,D17060
MotorUnLoaderAtStack,bool,W472.00
MotorUnLoaderAtA1Exit,bool,W472.01
MotorLoaderInOperation,bool,W472.02
MotorSortInOperation,bool,W472.03
MotorUnLoaderA1InOperation,bool,W472.04
MotorLoaderHOMEStock1CheckEmpty,bool,W472.05
MotorLoaderHOMEStock2CheckEmpty,bool,W472.06
MotorLoaderHOMEStock3CheckEmpty,bool,W472.07
MotorLoaderHOMEStock4CheckEmpty,bool,W472.08
MotorLoaderHOMEStock1FeedUnit,bool,W472.09
MotorLoaderHOMEStock2FeedUnit,bool,W472.10
MotorLoaderHOMEStock3FeedUnit,bool,W472.11
MotorLoaderHOMEStock4FeedUnit,bool,W472.12
MotorLoaderHOMEStock1Track1,bool,W472.13
MotorLoaderHOMEStock1Track2,bool,W472.14
MotorLoaderHOMEStock2Track1,bool,W472.15
MotorLoaderHOMEStock2Track2,bool,W473.00
MotorLoaderHOMEStock3Track1,bool,W473.01
MotorLoaderHOMEStock3Track2,bool,W473.02
MotorLoaderHOMEStock4Track1,bool,W473.03
MotorLoaderHOMEStock4Track2,bool,W473.04
MotorLoaderGoToStock1CheckEmpty,bool,W473.05
MotorLoaderGoToStock2CheckEmpty,bool,W473.06
MotorLoaderGoToStock3CheckEmpty,bool,W473.07
MotorLoaderGoToStock4CheckEmpty,bool,W473.08
MotorLoaderGoToStock1FeedUnit,bool,W473.09
MotorLoaderGoToStock2FeedUnit,bool,W473.10
MotorLoaderGoToStock3FeedUnit,bool,W473.11
MotorLoaderGoToStock4FeedUnit,bool,W473.12
MotorLoaderGoToStock1Track1,bool,W473.13
MotorLoaderGoToStock1Track2,bool,W473.14
MotorLoaderGoToStock2Track1,bool,W473.15
MotorLoaderGoToStock2Track2,bool,W474.00
MotorLoaderGoToStock3Track1,bool,W474.01
MotorLoaderGoToStock3Track2,bool,W474.02
MotorLoaderGoToStock4Track1,bool,W474.03
MotorLoaderGoToStock4Track2,bool,W474.04
MotorSortHomeSort1CheckEmpty,bool,W474.05
MotorSortHomeSort2CheckEmpty,bool,W474.06
MotorSortHomeSortAL,bool,W474.07
MotorSortHomeSortAR,bool,W474.08
MotorSortHomeSortM1L,bool,W474.09
MotorSortHomeSortM1R,bool,W474.10
MotorSortHomeSortM2L,bool,W474.11
MotorSortHomeSortM2R,bool,W474.12
MotorSortHomeSortM3L,bool,W474.13
MotorSortHomeSortM3R,bool,W474.14
MotorSortHomeSortM4L,bool,W474.15
MotorSortHomeSortM4R,bool,W475.00
MotorSortHomeSortM5L,bool,W475.01
MotorSortHomeSortM5R,bool,W475.02
MotorSortGoToSort1CheckEmpty,bool,W475.03
MotorSortGoToSort2CheckEmpty,bool,W475.04
MotorSortGoToAL,bool,W475.05
MotorSortGoToAR,bool,W475.06
MotorSortGoToM1L,bool,W475.07
MotorSortGoToM2L,bool,W475.08
MotorSortGoToM3L,bool,W475.09
MotorSortGoToM4L,bool,W475.10
MotorSortGoToM5L,bool,W475.11
MotorSortGoToM1R,bool,W475.12
MotorSortGoToM2R,bool,W475.13
MotorSortGoToM3R,bool,W475.14
MotorSortGoToM4R,bool,W475.00
MotorSortGoToM5R,bool,W476.00
MotorUnLoaderA1HomeStackSensor,bool,W476.01
MotorUnLoaderA1StackTubePlusOrReduce,bool,H109.00
MotorUnLoaderAlignStackTube,bool,W476.02
MotorUnLoaderA1GoToStack,bool,W476.03
MotorUnLoaderA1GoToA1Exit,bool,W476.04
ReSetContacting1Data,bool,W476.05
ReSetContacting2Data,bool,W476.06
ReSetContacting3Data,bool,W476.07
ReSetContacting4Data,bool,W476.08
DropTubeAExit,bool,W476.09
ReSetLOTData,bool,W476.10
ReSetSite1LOTData,bool,W476.11
ReSetSite2LOTData,bool,W476.12
ReSetSite3LOTData,bool,W476.13
ReSetSite4LOTData,bool,W476.14
RequestTTLSite1SOT,bool,W476.15
RequestTTLSite2SOT,bool,W477.00
RequestTTLSite3SOT,bool,W477.01
RequestTTLSite4SOT,bool,W477.02
IssuedSite1SOT,bool,W477.03
IssuedSite2SOT,bool,W477.04
IssuedSite3SOT,bool,W477.05
IssuedSite4SOT,bool,W477.06
InSite1EOT,bool,W15.00
InSite2EOT,bool,W15.01
InSite3EOT,bool,W15.02
InSite4EOT,bool,W15.03
InSite1BIN1,bool,W15.04
InSite1BIN2,bool,W15.05
InSite1BIN3,bool,W15.06
InSite1BIN4,bool,W15.07
InSite1BIN5,bool,W15.08
InSite1BIN6,bool,W15.09
InSite1BIN7,bool,W15.10
InSite1BIN8,bool,W15.11
InSite1BIN9,bool,W15.12
InSite2BIN1,bool,W15.13
InSite2BIN2,bool,W15.14
InSite2BIN3,bool,W15.15
InSite2BIN4,bool,W16.00
InSite2BIN5,bool,W16.01
InSite2BIN6,bool,W16.02
InSite2BIN7,bool,W16.03
InSite2BIN8,bool,W16.04
InSite2BIN9,bool,W16.05
InSite3BIN1,bool,W16.06
InSite3BIN2,bool,W16.07
InSite3BIN3,bool,W16.08
InSite3BIN4,bool,W16.09
InSite3BIN5,bool,W16.10
InSite3BIN6,bool,W16.11
InSite3BIN7,bool,W16.12
InSite3BIN8,bool,W16.13
InSite3BIN9,bool,W16.14
InSite4BIN1,bool,W16.15
InSite4BIN2,bool,W17.00
InSite4BIN3,bool,W17.01
InSite4BIN4,bool,W17.02
InSite4BIN5,bool,W17.03
InSite4BIN6,bool,W17.04
InSite4BIN7,bool,W17.05
InSite4BIN8,bool,W17.06
InSite4BIN9,bool,W17.07
TimeDisplayLOTTotalHour,ushort,D15021
TimeDisplayLOTTotalMinute,ushort,D15022
TimeDisplayLOTRunMinute,ushort,D15023
TimeDisplayLOTRunHour,ushort,D15024
TimeDisplayLOTStopMinute,ushort,D15025
TimeDisplayLOTStopHour,ushort,D15026
TimeDisplayMUBAMinute,ushort,D15027
TimePreAlarm,ushort,D15028
TimeAlarm,ushort,D15029
QtyNowInTubeA1,ushort,D15030
QtyNowInTubeM1,ushort,D15031
QtyNowInTubeM2,ushort,D15032
QtyNowInTubeM3,ushort,D15033
QtyNowInTubeM4,ushort,D15034
QtyNowInTubeM5,ushort,D15035
QuantityAExitTube,ushort,D15036
QuantityForAllMExit,ushort,D15037
QuantityForM1Tube,ushort,D15038
QuantityForM2Tube,ushort,D15039
QuantityForM3Tube,ushort,D15040
QuantityForM4Tube,ushort,D15041
QuantityForM5Tube,ushort,D15042
QuantitySite1BINAlarm,ushort,D15043
QuantitySite2BINAlarm,ushort,D15044
QuantitySite3BINAlarm,ushort,D15045
QuantitySite4BINAlarm,ushort,D15046
TimeoutGPIBResponse,ushort,D15047
TimeoutRS232Response,ushort,D15048
TimeWidSite1SOT,ushort,D15049
TimeWidSite2SOT,ushort,D15050
TimeWidSite3SOT,ushort,D15051
TimeWidSite4SOT,ushort,D15052
TimeDelaySite1BIN,ushort,D15053
TimeDelaySite2BIN,ushort,D15054
TimeDelaySite3BIN,ushort,D15055
TimeDelaySite4BIN,ushort,D15056
TimeLimitSite1EOT,ushort,D15057
TimeLimitSite2EOT,ushort,D15058
TimeLimitSite3EOT,ushort,D15059
TimeLimitSite4EOT,ushort,D15060
TimeBowBufUnitStable,ushort,D15061
TimeTrackReqUnitTime,ushort,D15062
TimeStockMotorStartDelay,ushort,D15063
TimeStockMotorArrived,ushort,D15064
TimeStockBufCloseDelay,ushort,D15065
TimeBowBufClosed ,ushort,D15066
TimeStockCloseDelay,ushort,D15067
TimeStockClosed ,ushort,D15068
TimeSingAntiJamSilence,ushort,D15069
CountSingAntiJamStop,ushort,D15070
TimeSingAntiJamOn,ushort,D15071
TimeSingAntiJamOff,ushort,D15072
TimeSingAntiAdvanceOpen,ushort,D15073
TimeSingulatorAirBlow,ushort,D15074
TimeSingulatorOpen,ushort,D15075
TimePreSite1BoyStopCloseDelay,ushort,D15076
TimePreSite2BoyStopCloseDelay,ushort,D15077
TimePreSite3BoyStopCloseDelay,ushort,D15078
TimePreSite4BoyStopCloseDelay,ushort,D15079
TimeTestSiteAirBlow,ushort,D15080
TimeUpSitePreSettle,ushort,D15081
TimeLowSitePreSettle,ushort,D15082
TimeUpSitePostSettle,ushort,D15083
TimeLowSitePostSettle,ushort,D15084
TimeSiteBackOpenToDrop,ushort,D15085
TimePlungerHoldPushOutExercise,ushort,D15086
TimePlungeMoveSpeedAlarm,ushort,D15087
TimeDelaySite1SOT,ushort,D15088
TimeDelaySite2SOT,ushort,D15089
TimeDelaySite3SOT,ushort,D15090
TimeDelaySite4SOT,ushort,D15091
TimeTurnShuttleToVertical,ushort,D15092
TimeTurnShuttleToAngle,ushort,D15093
TimeLowBufOpen,ushort,D15094
TimeCurveTrackAirBlow,ushort,D15095
TimeCurveTrackDropUnit,ushort,D15096
TimeSort1JustifyDD,ushort,D15097
TimeSort2JustifyDD,ushort,D15098
TimeSortStartMoveDelay,ushort,D15099
TimeSortOpenAExitDelay,ushort,D15100
TimeSortOpenMExitDelay,ushort,D15101
TimeSortCloseMExitDelay,ushort,D15102
TimeSortAlrBlowDropUnit,ushort,D15103
TimeUnitBoxSettle,ushort,D15104
TimeSettleStackTubeUp,ushort,D15105
TimeSettleStackTubeBottom,ushort,D15106
TimeStartPushTubeYUp,ushort,D15107
TimeStartClampTubeAExit,ushort,D15108
TimeCloseDelayAtAExitTubeFull,ushort,D15109
TimeOpenDelayAtAExitNewTube,ushort,D15110
QuantityHandlerTotal,uint,D17101
UPHRealTime,ushort,D17103
QuantitySite1InsertionTotal,uint,D17105
QuantitySite2InsertionTotal,uint,D17107
QuantitySite3InsertionTotal,uint,D17109
QuantitySite4InsertionTotal,uint,D17111
QuantityAExitUnitTotal,uint,D17113
QuantityM1ExitUnitTotal,uint,D17115
QuantityM2ExitUnitTotal,uint,D17117
QuantityM3ExitUnitTotal,uint,D17119
QuantityM4ExitUnitTotal,uint,D17121
QuantityM5ExitUnitTotal,uint,D17123
QuantitySite1BIN1UnitTotal,uint,D17125
QuantitySite1BIN2UnitTotal,uint,D17127
QuantitySite1BIN3UnitTotal,uint,D17129
QuantitySite1BIN4UnitTotal,uint,D17131
QuantitySite1BIN5UnitTotal,uint,D17133
QuantitySite1BIN6UnitTotal,uint,D17135
QuantitySite1BIN7UnitTotal,uint,D17137
QuantitySite1BIN8UnitTotal,uint,D17139
QuantitySite1BIN9UnitTotal,uint,D17141
QuantitySite2BIN1UnitTotal,uint,D17143
QuantitySite2BIN2UnitTotal,uint,D17145
QuantitySite2BIN3UnitTotal,uint,D17147
QuantitySite2BIN4UnitTotal,uint,D17149
QuantitySite2BIN5UnitTotal,uint,D17151
QuantitySite2BIN6UnitTotal,uint,D17153
QuantitySite2BIN7UnitTotal,uint,D17155
QuantitySite2BIN8UnitTotal,uint,D17157
QuantitySite2BIN9UnitTotal,uint,D17159
QuantitySite3BIN1UnitTotal,uint,D17161
QuantitySite3BIN2UnitTotal,uint,D17163
QuantitySite3BIN3UnitTotal,uint,D17165
QuantitySite3BIN4UnitTotal,uint,D17167
QuantitySite3BIN5UnitTotal,uint,D17169
QuantitySite3BIN6UnitTotal,uint,D17171
QuantitySite3BIN7UnitTotal,uint,D17173
QuantitySite3BIN8UnitTotal,uint,D17175
QuantitySite3BIN9UnitTotal,uint,D17177
QuantitySite4BIN1UnitTotal,uint,D17179
QuantitySite4BIN2UnitTotal,uint,D17181
QuantitySite4BIN3UnitTotal,uint,D17183
QuantitySite4BIN4UnitTotal,uint,D17185
QuantitySite4BIN5UnitTotal,uint,D17187
QuantitySite4BIN6UnitTotal,uint,D17189
QuantitySite4BIN7UnitTotal,uint,D17191
QuantitySite4BIN8UnitTotal,uint,D17193
QuantitySite4BIN9UnitTotal,uint,D17195
MUBATotalMinute,uint,D17197
MUBALoader,uint,D17199
MUBAUTrack1,uint,D17201
MUBAUTrack2,uint,D17203
MUBAUTrack3,uint,D17205
MUBAUTrack4,uint,D17207
MUBASingulator1,uint,D17209
MUBASingulator2,uint,D17211
MUBASingulator3,uint,D17213
MUBASingulator4,uint,D17215
MUBATestSite1,uint,D17217
MUBATestSite2,uint,D17219
MUBATestSite3,uint,D17221
MUBATestSite4,uint,D17223
MUBALTrack1,uint,D17225
MUBALTrack2,uint,D17227
MUBALTrack3,uint,D17229
MUBALTrack4,uint,D17231
MUBAShuttle1,uint,D17233
MUBAShuttle2,uint,D17235
MUBAShuttle3,uint,D17237
MUBAShuttle4,uint,D17239
MUBAExitA1,uint,D17241
MUBAExitA2,uint,D17243
MUBAMExit,uint,D17245
MUBAUnLoader,uint,D17247
MUBATestEvent1,uint,D17249
MUBATestEvent2,uint,D17251
MUBATestEvent3,uint,D17253
MUBATestEvent4,uint,D17255
LoaderHomeError,bool,W91.00
NoEndingLoaderMotor,bool,W91.01
LoaderMotorSetError,bool,W91.02
LoaderBowBufExitJam,bool,W91.03
LoaderStocTrackJamLeft,bool,W91.04
LoaderStockTrackJamRight,bool,W91.05
TrackInputJamLeft,bool,W91.06
TrackInputJamRight,bool,W91.07
LoaderNeedReSet,bool,W91.08
JamBeforeSingulatorLeft,bool,W91.09
JamBeforeSingulatorRight,bool,W91.10
SingulatorJamL,bool,W91.11
SingulatorJamR,bool,W91.12
JamSingulatorCS1,bool,W91.13
JamSingulatorCS2,bool,W91.14
JamSingulatorCS3,bool,W91.15
JamSingulatorCS4,bool,W92.00
JamCS3CS1,bool,W92.01
JamCS4CS2,bool,W92.02
LostCS1DropUnit,bool,W92.03
LostCS2DropUnit,bool,W92.04
LostCS3DropUnit,bool,W92.05
LostCS4DropUnit,bool,W92.06
JamCS1EntrySensor,bool,W92.07
JamCS2EntrySensor,bool,W92.08
JamCS3EntrySensor,bool,W92.09
JamCS4EntrySensor,bool,W92.10
JamCS1ExitSensor,bool,W92.11
JamCS2ExitSensor,bool,W92.12
JamPTB1,bool,W92.13
JamPTB2,bool,W92.14
JamPTB3,bool,W92.15
JamPTB4,bool,W93.00
JamCS1VurveTrack,bool,W93.01
JamCS2VurveTrack,bool,W93.02
JamCS3VurveTrack,bool,W93.03
JamCS4VurveTrack,bool,W93.04
JamBufDropUnitLeft,bool,W93.05
JamBufDropUnitRight,bool,W93.06
JamBufSortLeft,bool,W93.07
JamBufSortRight,bool,W93.08
DDLeftSort,bool,W93.09
DDRightSort,bool,W93.10
JamInSortLeft,bool,W93.11
JamInSortRight,bool,W93.12
JamSortDropUnitA,bool,W93.13
JamSortDropUnitM1,bool,W93.14
JamSortDropUnitM2,bool,W93.15
JamSortDropUnitM3,bool,W94.00
JamSortDropUnitM4,bool,W94.01
JamSortDropUnitM5,bool,W94.02
NoExitForBINCS1,bool,W94.03
NoExitForBINCS2,bool,W94.04
NoExitForBINCS3,bool,W94.05
NoExitForBINCS4,bool,W94.06
SOTStuckCS1,bool,W94.07
SOTStuckCS2,bool,W94.08
SOTStuckCS3,bool,W94.09
SOTStuckCS4,bool,W94.10
BINNotGoneCS1,bool,W94.11
BINNotGoneCS2,bool,W94.12
BINNotGoneCS3,bool,W94.13
BINNotGoneCS4,bool,W94.14
NoBINForCS1,bool,W94.15
NoBINForCS2,bool,W95.00
NoBINForCS3,bool,W95.01
NoBINForCS4,bool,W95.02
MultiBINCS1,bool,W95.03
MultiBINCS2,bool,W95.04
MultiBINCS3,bool,W95.05
MultiBINCS4,bool,W95.06
NoEOTForCS1,bool,W95.07
NoEOTForCS2,bool,W95.08
NoEOTForCS3,bool,W95.09
NoEOTForCS4,bool,W95.10
TestFailsCS1,bool,W95.11
TestFailsCS2,bool,W95.12
TestFailsCS3,bool,W95.13
TestFailsCS4,bool,W95.14
GPIBNotReady,bool,W95.15
GPIBNoEnd,bool,W96.00
WaitA,bool,W96.01
WaitM1,bool,W96.02
WaitM2,bool,W96.03
WaitM3,bool,W96.04
WaitM4,bool,W96.05
WaitM5,bool,W96.06
PlungerLowSpeed,bool,W96.07
